﻿YEAR,Electric power consumption (kWh per capita),Energy use (kg of oil equivalent per capita),Gross capital formation (% of GDP),High-technology exports (% of manufactured exports),Mobile cellular subscriptions (per 100 people),Statistical Capacity score (Overall average),Urban population growth (annual %),Access to electricity (% of population),"Access to electricity, rural (% of rural population)","Access to electricity, urban (% of urban population)",Adequacy of social safety net programs (% of total welfare of beneficiary households),"Computer, communications and other services (% of commercial service exports)","Computer, communications and other services (% of commercial service imports)",Employment in services (% of total employment) (modeled ILO estimate),"Employment to population ratio, 15+, female (%) (modeled ILO estimate)",ICT goods exports (% of total goods exports),ICT goods imports (% total goods imports),"ICT service exports (% of service exports, BoP)","ICT service exports (BoP, current US$)",Investment in ICT with private participation (current US$),Mobile cellular subscriptions,"New business density (new registrations per 1,000 people ages 15-64)",New businesses registered (number),Population growth (annual %),Population in the largest city (% of urban population),Population in largest city,Population in urban agglomerations of more than 1 million,Population in urban agglomerations of more than 1 million (% of total population),Technicians in R&D (per million people),Urban population (% of total population),Urban population,Public private partnerships investment in ICT (current US$),"Población, total",Crecimiento de la población (% anual),PIB (US$ a precios actuales),Crecimiento del PIB (% anual),"Borrowers from commercial banks (per 1,000 adults)",Fixed broadband Internet subscribers (per 100 people),Gross capital formation (annual % growth),Individuals using the Internet (% of population),Labor force with advanced education (% of total working-age population with advanced education),Labor force with basic education (% of total working-age population with basic education),Labor force with intermediate education (% of total working-age population with intermediate education),"Labor force, total",Telephone lines (per 100 people),Country_code,Country
1995,"1648,895133","1551,745125","18,50041051",..,"1,163985934",..,\,..,..,..,..,"11,16386956","15,4571051","67,24900055","37,36000061",..,..,"8,606406963",328300000,..,405395,..,..,"1,22923063","38,44995237",11806407,15004839,"43,08247892",..,"88,164",30705908,..,34828170,"1,22923063","2,58032E+11","-2,845209611",..,..,"32,64346653","0,002992874",..,..,..,14128799,"10,68048395",ARG,Argentina
1995,"1648,895133","1551,745125","18,50041051",..,"1,163985934",..,\,..,..,..,..,"11,16386956","15,4571051","72,28600311","37,36000061",..,..,"8,606406963",328300000,..,405395,..,..,"1,22923063","38,44995237",11806407,15004839,"43,08247892",..,"88,164",30705908,..,34828170,"1,22923063","2,58032E+11","-2,845209611",..,..,"32,64346653","0,002992874",..,..,..,14128799,"10,68048395",ARG,Argentina
1996,"1728,121026","1589,917647","19,62387245",..,"1,892449986",..,"1,422467878",..,..,..,..,"12,04972422","15,6107801","74,23400116","39,29700089",..,..,"8,555507279",375600000,..,667020,..,..,"1,193611663","38,34501853",11942867,15168796,"43,03647235",..,"88,366",31145811,..,35246374,"1,193611663","2,7215E+11","5,526689827",..,..,"13,6231387","0,029527065",..,..,..,14443022,"11,67495732",ARG,Argentina
1996,"1728,121026","1589,917647","19,62387245",..,"1,892449986",..,"1,422467878",..,..,..,..,"12,04972422","15,6107801","69,83200073","39,29700089",..,..,"8,555507279",375600000,..,667020,..,..,"1,193611663","38,34501853",11942867,15168796,"43,03647235",..,"88,366",31145811,..,35246374,"1,193611663","2,7215E+11","5,526689827",..,..,"13,6231387","0,029527065",..,..,..,14443022,"11,67495732",ARG,Argentina
1997,"1848,001997","1621,909504","20,82605155",..,"5,634374256",..,"1,383300961",..,..,..,..,"10,91393394","15,94417221","73,64499664","40,77899933",..,..,"6,849417488",313900000,..,2009073,..,..,"1,159485353","38,25414124",12080522,15334126,"43,00401468","159,91058","88,564",31579645,..,35657429,"1,159485353","2,92859E+11","8,111046771",..,..,"13,67226746","0,043705951",..,..,..,14767850,"14,43043696",ARG,Argentina
1997,"1848,001997","1621,909504","20,82605155",..,"5,634374256",..,"1,383300961",..,..,..,..,"10,91393394","15,94417221","70,94599915","40,77899933",..,..,"6,849417488",313900000,..,2009073,..,..,"1,159485353","38,25414124",12080522,15334126,"43,00401468","159,91058","88,564",31579645,..,35657429,"1,159485353","2,92859E+11","8,111046771",..,..,"13,67226746","0,043705951",..,..,..,14767850,"14,43043696",ARG,Argentina
1998,"1967,254444","1658,495404","20,97076915",..,"7,406006174",..,"1,352202815",..,..,..,..,"10,47696923","16,90170964","74,33799744","42,99100113",..,..,"5,349109413","259285752,5",..,2670862,..,..,"1,132262439","38,1759534",12219957,15501530,"42,98403545","170,72683","88,759",32009566,..,36063459,"1,132262439","2,98948E+11","3,850178852",..,..,"-13,08405483","0,086277081",..,..,..,14991493,"16,32858514",ARG,Argentina
1998,"1967,254444","1658,495404","20,97076915",..,"7,406006174",..,"1,352202815",..,..,..,..,"10,47696923","16,90170964","72,27899933","42,99100113",..,..,"5,349109413","259285752,5",..,2670862,..,..,"1,132262439","38,1759534",12219957,15501530,"42,98403545","170,72683","88,759",32009566,..,36063459,"1,132262439","2,98948E+11","3,850178852",..,..,"-13,08405483","0,086277081",..,..,..,14991493,"16,32858514",ARG,Argentina
1999,"2033,771811","1668,225144","17,86292788",..,"10,55432581",..,"1,330564436",..,..,..,..,"11,7789081","17,39250118","75,57900238","42,2519989",..,..,"5,215537269","245626704,3",..,3848869,..,..,"1,11335834","38,10616888",12361001,15670803,"42,97230186","156,49672","88,952",32438320,..,36467218,"1,11335834","2,83523E+11","-3,385457041",..,..,"8,883307585","0,141954704",..,..,..,15303465,"17,68123441",ARG,Argentina
1999,"2033,771811","1668,225144","17,86292788",..,"10,55432581",..,"1,330564436",..,..,..,..,"11,7789081","17,39250118","74,23400116","42,2519989",..,..,"5,215537269","245626704,3",..,3848869,..,..,"1,11335834","38,10616888",12361001,15670803,"42,97230186","156,49672","88,952",32438320,..,36467218,"1,11335834","2,83523E+11","-3,385457041",..,..,"8,883307585","0,141954704",..,..,..,15303465,"17,68123441",ARG,Argentina
2000,"2088,80814","1669,526745","17,53348744",..,"17,59645109",..,"1,313953679",..,..,..,..,"13,42794782","18,86865699","73,64600372","41,68199921","0,362961141","13,80579546","5,837193726","286006166,8",..,6487950,..,..,"1,100583725","38,04343319",12503871,15842203,"42,96681544","158,28249","89,142",32867357,..,36870787,"1,100583725","2,84204E+11","-0,788998939",..,..,"17,66286365","0,280339882",..,..,..,15653101,"19,05119413",ARG,Argentina
2000,"2088,80814","1669,526745","17,53348744",..,"17,59645109",..,"1,313953679",..,..,..,..,"13,42794782","18,86865699","76,54699707","41,68199921","0,362961141","13,80579546","5,837193726","286006166,8",..,6487950,..,..,"1,100583725","38,04343319",12503871,15842203,"42,96681544","158,28249","89,142",32867357,..,36870787,"1,100583725","2,84204E+11","-0,788998939",..,..,"17,66286365","0,280339882",..,..,..,15653101,"19,05119413",ARG,Argentina
2001,"2120,579943","1570,897164","15,62596533",..,"18,08631275",..,"1,301636729","95,51106347","91,61913534","95,97598267",..,"18,8560837","21,5796751","77,15000153","41,00899887","0,356469048","11,0354906","6,949870103","318912378,2",..,6741791,..,..,"1,092079483","37,98427694",12647992,16015041,"42,96381187","166,62351","89,329",33297967,..,37275652,"1,092079483","2,68697E+11","-4,408839683",..,..,"6,543967728","0,83076668",..,..,..,15961436,"19,57823594",ARG,Argentina
2001,"2120,579943","1570,897164","15,62596533",..,"18,08631275",..,"1,301636729","95,51106347","91,61913534","95,97598267",..,"18,8560837","21,5796751","74,34100342","41,00899887","0,356469048","11,0354906","6,949870103","318912378,2",..,6741791,..,..,"1,092079483","37,98427694",12647992,16015041,"42,96381187","166,62351","89,329",33297967,..,37275652,"1,092079483","2,68697E+11","-4,408839683",..,..,"6,543967728","0,83076668",..,..,..,15961436,"19,57823594",ARG,Argentina
2002,"2014,476557","1510,313202","10,85390524",..,"17,42684502",..,"1,285970059","96,10791016","95,57994282","96,16978455",..,"30,64714303","27,72677586","78,79599762","39,36899948","0,4326208","3,961275341","7,098707678",242790000,..,6566740,..,..,"1,083551371","37,97416782",12808282,16212553,"43,02494823","161,13902","89,51",33728934,..,37681749,"1,083551371",97724004252,"-10,89448483",..,..,"-12,60985463","3,284481956",..,..,..,16192192,"19,70954649",ARG,Argentina
2002,"2014,476557","1510,313202","10,85390524",..,"17,42684502",..,"1,285970059","96,10791016","95,57994282","96,16978455",..,"30,64714303","27,72677586","75,5719986","39,36899948","0,4326208","3,961275341","7,098707678",242790000,..,6566740,..,..,"1,083551371","37,97416782",12808282,16212553,"43,02494823","161,13902","89,51",33728934,..,37681749,"1,083551371",97724004252,"-10,89448483",..,..,"-12,60985463","3,284481956",..,..,..,16192192,"19,70954649",ARG,Argentina
2003,"2180,326817","1598,789541","14,1469621",..,"20,58984504",..,"1,268424803","96,38489532","96,4787027","96,37410736",..,"31,15066367","26,74100321","76,5510025","40,70800018","0,232605992","6,95978533","6,555302455",287490000,..,7842233,..,..,"1,07199404","37,99744054",12979730,16426857,"43,12884355","168,76765","89,686",34159485,..,38087868,"1,07199404","1,27587E+11","8,837040796",..,..,"-6,804260116","7,038683086",..,..,..,16458400,"21,30261142",ARG,Argentina
2003,"2180,326817","1598,789541","14,1469621",..,"20,58984504",..,"1,268424803","96,38489532","96,4787027","96,37410736",..,"31,15066367","26,74100321","76,80899811","40,70800018","0,232605992","6,95978533","6,555302455",287490000,..,7842233,..,..,"1,07199404","37,99744054",12979730,16426857,"43,12884355","168,76765","89,686",34159485,..,38087868,"1,07199404","1,27587E+11","8,837040796",..,..,"-6,804260116","7,038683086",..,..,..,16458400,"21,30261142",ARG,Argentina
2004,"2293,309369","1728,214003","17,55127036",..,"35,10441866","92,22222222","1,24921239","96,63864899","97,01456716","96,59622955",..,"32,8047096","28,29738277","77,14800262","42,32799911","0,223278489","10,54227006","6,143621395",317530000,..,13512383,..,..,"1,055389384","38,02872692",13153713,16644359,"43,24111791","180,99878","89,86",34588886,..,38491972,"1,055389384","1,64658E+11","9,029573301",..,"0,250857258","-15,66105016","9,780807285",..,..,..,16694710,"21,7003137",ARG,Argentina
2004,"2293,309369","1728,214003","17,55127036",..,"35,10441866","92,22222222","1,24921239","96,63864899","97,01456716","96,59622955",..,"32,8047096","28,29738277","75,81099701","42,32799911","0,223278489","10,54227006","6,143621395",317530000,..,13512383,..,..,"1,055389384","38,02872692",13153713,16644359,"43,24111791","180,99878","89,86",34588886,..,38491972,"1,055389384","1,64658E+11","9,029573301",..,"0,250857258","-15,66105016","9,780807285",..,..,..,16694710,"21,7003137",ARG,Argentina
2005,"2408,432525","1720,673713","18,88826414",..,"56,96774563","88,88888889","1,226397296","96,86739349","97,10138402","96,84148407",..,"36,34959048","27,88963233","75,45999908","42,88299942","0,194123113","11,63913762","6,315518902",407860000,..,22156426,..,..,"1,036281168","38,06732952",13329540,16864194,"43,36056339","200,24204","90,031",35015695,..,38892931,"1,036281168","1,98737E+11","8,85165992",..,"0,390610876","-36,44757792","10,88212438",..,..,..,16830712,"20,3449358",ARG,Argentina
2005,"2408,432525","1720,673713","18,88826414",..,"56,96774563","88,88888889","1,226397296","96,86739349","97,10138402","96,84148407",..,"36,34959048","27,88963233","78,79599762","42,88299942","0,194123113","11,63913762","6,315518902",407860000,..,22156426,..,..,"1,036281168","38,06732952",13329540,16864194,"43,36056339","200,24204","90,031",35015695,..,38892931,"1,036281168","1,98737E+11","8,85165992",..,"0,390610876","-36,44757792","10,88212438",..,..,..,16830712,"20,3449358",ARG,Argentina
2006,"2374,097471","1853,041666","18,68048724",..,"80,19976545","88,88888889","1,202978122","97,08002472","96,82659507","97,1075592","12,67109031","36,83105564","32,19682883","75,27600098","43,91799927","0,256038799","11,69904389","7,122152748","563434578,9",..,31510390,"0,240650412",5956,"1,01544167","38,11559541",13507965,17087310,"43,49036156","207,45801","90,2",35439470,..,39289878,"1,01544167","2,32557E+11","8,0471515",..,"0,675680491","38,16618119","11,91369655",..,..,..,17210175,"22,45891013",ARG,Argentina
2006,"2374,097471","1853,041666","18,68048724",..,"80,19976545","88,88888889","1,202978122","97,08002472","96,82659507","97,1075592","12,67109031","36,83105564","32,19682883","76,81099701","43,91799927","0,256038799","11,69904389","7,122152748","563434578,9",..,31510390,"0,240650412",5956,"1,01544167","38,11559541",13507965,17087310,"43,49036156","207,45801","90,2",35439470,..,39289878,"1,01544167","2,32557E+11","8,0471515",..,"0,675680491","38,16618119","11,91369655",..,..,..,17210175,"22,45891013",ARG,Argentina
2007,"2455,656576","1858,392218","20,0991132","7,031525045","101,8079595","85,55555556","1,182725064","97,28813171","96,33054732","97,39022064",..,"37,40280854","31,74835779","74,96800232","44,00899887","0,262403807","9,970750362","8,031991503","806872701,8",..,40401771,"0,240466755",6031,"0,998858904","38,17165447",13688779,17313443,"43,62794652","194,83778","90,366",35861110,..,39684295,"0,998858904","2,87531E+11","9,007650875","165,4944857","1,401748719","34,42520369","16,03668411","80,50830078","40,87469864","57,02799988",17597867,"22,62034849",ARG,Argentina
2007,"2455,656576","1858,392218","20,0991132","7,031525045","101,8079595","85,55555556","1,182725064","97,28813171","96,33054732","97,39022064",..,"37,40280854","31,74835779","75,81099701","44,00899887","0,262403807","9,970750362","8,031991503","806872701,8",..,40401771,"0,240466755",6031,"0,998858904","38,17165447",13688779,17313443,"43,62794652","194,83778","90,366",35861110,..,39684295,"0,998858904","2,87531E+11","9,007650875","165,4944857","1,401748719","34,42520369","16,03668411","80,50830078","40,87469864","57,02799988",17597867,"22,62034849",ARG,Argentina
2008,"2772,843222","1937,641467","19,57277588","9,376349431","116,0393921","86,66666667","1,173913307","97,5032959","95,76410132","97,68522644",..,"41,73269361","32,87621532","75,45999908","43,58499908","0,207666437","8,289044411","9,659909259",1103562434,..,46508774,"0,237290147",6032,"0,99259313","38,2318638",13872267,17542952,"43,76966559","205,4882","90,53",36284569,..,40080160,"0,99259313","3,61558E+11","4,057233103","188,162307","2,367378841","14,79633156","17,72058337","80,51290131","39,16070175","56,16669846",17751236,"24,1194413",ARG,Argentina
2008,"2772,843222","1937,641467","19,57277588","9,376349431","116,0393921","86,66666667","1,173913307","97,5032959","95,76410132","97,68522644",..,"41,73269361","32,87621532","74,78399658","43,58499908","0,207666437","8,289044411","9,659909259",1103562434,..,46508774,"0,237290147",6032,"0,99259313","38,2318638",13872267,17542952,"43,76966559","205,4882","90,53",36284569,..,40080160,"0,99259313","3,61558E+11","4,057233103","188,162307","2,367378841","14,79633156","17,72058337","80,51290131","39,16070175","56,16669846",17751236,"24,1194413",ARG,Argentina
2009,"2730,123232","1865,337264","16,05311236","9,070085735","129,6422074","87,77777778","1,177227242","97,73710632","95,28949231","97,98834229",..,"45,8401902","37,12353473","75,27600098","44,13800049","0,176574978","9,663045024","11,26484613",1187835368,..,52482780,"0,189666827",4885,"0,999544734","38,28949499",14057699,17774928,"43,9073712","227,03476","90,691",36714245,..,40482788,"0,999544734","3,32976E+11","-5,918525076","220,8637655","4,00343134","6,86650709","20,9272021","81,55139923","38,76869965","56,74649811",18064580,"23,91319372",ARG,Argentina
2009,"2730,123232","1865,337264","16,05311236","9,070085735","129,6422074","87,77777778","1,177227242","97,73710632","95,28949231","97,98834229",..,"45,8401902","37,12353473","75,58000183","44,13800049","0,176574978","9,663045024","11,26484613",1187835368,..,52482780,"0,189666827",4885,"0,999544734","38,28949499",14057699,17774928,"43,9073712","227,03476","90,691",36714245,..,40482788,"0,999544734","3,32976E+11","-5,918525076","220,8637655","4,00343134","6,86650709","20,9272021","81,55139923","38,76869965","56,74649811",18064580,"23,91319372",ARG,Argentina
2010,"2877,652653","1928,652357","17,70553381","7,747796267","139,580018","86,66666667","0,926281041","98,82","90,19592074","99,68868256","10,96217587","43,33188134","35,41169291","75,38700104","43,54199982","0,111834354","9,016255027","11,00195359",1410136164,..,57082298,"0,207609304",5400,"0,752213052","38,44426996",14245871,18010367,"44,15555304","247,45846","90,849",37055902,..,40788453,"0,752213052","4,23627E+11","10,12539816","253,3560941","6,504842205","20,33006024","25,94663294",..,..,..,18090391,"23,76769267",ARG,Argentina
2010,"2877,652653","1928,652357","17,70553381","7,747796267","139,580018","86,66666667","0,926281041","98,82","90,19592074","99,68868256","10,96217587","43,33188134","35,41169291","74,78199768","43,54199982","0,111834354","9,016255027","11,00195359",1410136164,..,57082298,"0,207609304",5400,"0,752213052","38,44426996",14245871,18010367,"44,15555304","247,45846","90,849",37055902,..,40788453,"0,752213052","4,23627E+11","10,12539816","253,3560941","6,504842205","20,33006024","25,94663294",..,..,..,18090391,"23,76769267",ARG,Argentina
2011,"2929,075029","1952,051053","18,39845892","7,354375081","146,9554555","85,55555556","1,308141316","99,27869415","92,93182303","99,90717316","11,33434974","46,08468001","36,7336011","74,78399658","44,13100052","0,105784209","8,464597262","12,42246639",1800882627,..,60722729,"0,221108183",5828,"1,15305928","38,26047849",14364449,18177045,"44,05329279","272,47976","90,99",37543830,..,41261490,"1,15305928","5,30163E+11","6,003951693","282,392921","7,71311722","6,683445417","28,11262348","79,76779938","36,34870148","54,86589813",18118705,"24,12644036",ARG,Argentina
2011,"2929,075029","1952,051053","18,39845892","7,354375081","146,9554555","85,55555556","1,308141316","99,27869415","92,93182303","99,90717316","11,33434974","46,08468001","36,7336011","75,39299774","44,13100052","0,105784209","8,464597262","12,42246639",1800882627,..,60722729,"0,221108183",5828,"1,15305928","38,26047849",14364449,18177045,"44,05329279","272,47976","90,99",37543830,..,41261490,"1,15305928","5,30163E+11","6,003951693","282,392921","7,71311722","6,683445417","28,11262348","79,76779938","36,34870148","54,86589813",18118705,"24,12644036",ARG,Argentina
2012,"3000,603523","1936,80354","16,50198653","6,668610427","154,059023","85,55555556","1,280773703","99,49785614","94,68142295","99,96717834","10,4701655","47,00789316","36,0094061","75,72799683","44,06600189","0,106015123","8,309859596","12,31280385",1754217567,..,64327647,"0,184657613",4928,"1,136905694","37,99614461",14449088,18310623,"43,87536026","307,17135","91,121",38027774,..,41733271,"1,136905694","5,45982E+11","-1,026420454","292,9157357","8,605580959","-23,07154382",34,"80,54979706","35,86759949","55,95339966",18474862,"23,94185533",ARG,Argentina
2012,"3000,603523","1936,80354","16,50198653","6,668610427","154,059023","85,55555556","1,280773703","99,49785614","94,68142295","99,96717834","10,4701655","47,00789316","36,0094061","75,57900238","44,06600189","0,106015123","8,309859596","12,31280385",1754217567,..,64327647,"0,184657613",4928,"1,136905694","37,99614461",14449088,18310623,"43,87536026","307,17135","91,121",38027774,..,41733271,"1,136905694","5,45982E+11","-1,026420454","292,9157357","8,605580959","-23,07154382",34,"80,54979706","35,86759949","55,95339966",18474862,"23,94185533",ARG,Argentina
2013,"2967,376558","1967,021678","17,3057789","7,478181328","159,6394613","76,66666667","1,25948243","99,47655487","94,19935897","99,98265076","11,31357597","47,04612688","37,77424343","75,38700104","43,875","0,151571896","8,422575603","12,64825529",1730267634,..,67361515,"0,200203136",5406,"1,1191092","37,74106229",14533991,18445030,"43,70556218","320,69368","91,249",38509756,..,42202935,"1,1191092","5,52025E+11","2,405323781","300,8543081","9,771610825","32,54212125",45,"79,86190033","34,89110184","53,99110031",18248453,"24,04966693",ARG,Argentina
2013,"2967,376558","1967,021678","17,3057789","7,478181328","159,6394613","76,66666667","1,25948243","99,47655487","94,19935897","99,98265076","11,31357597","47,04612688","37,77424343","75,43499756","43,875","0,151571896","8,422575603","12,64825529",1730267634,..,67361515,"0,200203136",5406,"1,1191092","37,74106229",14533991,18445030,"43,70556218","320,69368","91,249",38509756,..,42202935,"1,1191092","5,52025E+11","2,405323781","300,8543081","9,771610825","32,54212125",45,"79,86190033","34,89110184","53,99110031",18248453,"24,04966693",ARG,Argentina
2014,"3074,702071","2029,922825","17,26288101","7,074803755","143,6158316","83,33333333","1,239638679",100,100,"99,85762024",..,"43,11346183","37,88903068","75,39299774","43,35200119","0,229886144","7,36852235","10,77504374",1443464924,..,61234216,"0,17202951",4699,"1,099461091","37,4954325",14619510,18580831,"43,54593093","318,78033","91,377",38990109,..,42669500,"1,099461091","5,2632E+11","-2,512615321","322,6528192","10,97543337","16,09273993",51,"79,08059692","34,65750122","53,99459839",18830069,"23,33954255",ARG,Argentina
2014,"3074,702071","2029,922825","17,26288101","7,074803755","143,6158316","83,33333333","1,239638679",100,100,"99,85762024",..,"43,11346183","37,88903068","75,29399872","43,35200119","0,229886144","7,36852235","10,77504374",1443464924,..,61234216,"0,17202951",4699,"1,099461091","37,4954325",14619510,18580831,"43,54593093","318,78033","91,377",38990109,..,42669500,"1,099461091","5,2632E+11","-2,512615321","322,6528192","10,97543337","16,09273993",51,"79,08059692","34,65750122","53,99459839",18830069,"23,33954255",ARG,Argentina
2015,..,..,"17,07070488","9,26893795","143,566834","95,55556667","1,215797063","99,82711792","98,1367605","99,98408508",..,"43,57142236","34,60708794","76,06099701","43,76699829","0,11708211","9,399165266","11,15144036",1473496950,1619000000,61842011,"0,179440388",4958,"1,078001344","37,26028575",14705533,18717857,"43,39671649","326,07927","91,503",39467043,..,43131966,"1,078001344","5,94749E+11","2,731159828","344,4586852","12,23036065","-11,18506718","55,8","78,55339813","34,16389847","53,9673996",19015971,"22,46168997",ARG,Argentina
2015,..,..,"17,07070488","9,26893795","143,566834","95,55556667","1,215797063","99,82711792","98,1367605","99,98408508",..,"43,57142236","34,60708794","75,72799683","43,76699829","0,11708211","9,399165266","11,15144036",1473496950,1619000000,61842011,"0,179440388",4958,"1,078001344","37,26028575",14705533,18717857,"43,39671649","326,07927","91,503",39467043,..,43131966,"1,078001344","5,94749E+11","2,731159828","344,4586852","12,23036065","-11,18506718","55,8","78,55339813","34,16389847","53,9673996",19015971,"22,46168997",ARG,Argentina
2016,..,..,"17,66322786","9,020165318","146,4538276","88,8889","1,192602919","99,9591217","99,69112008","99,98361206",..,"46,25223209","31,18441689","75,43499756","44,25799942","0,089196788","8,478811845","11,14123596",1495678271,..,63719805,"0,21074882",5885,"1,057181578","37,03550022",14792181,18856316,"43,25798764","328,60276","91,627",39940546,..,43590368,"1,057181578","5,57531E+11","-2,080327844","341,1366237","14,69447819","4,669025524","59,9","77,82859802","33,48450089","54,30530167",19151572,"22,71297845",ARG,Argentina
2016,..,..,"17,66322786","9,020165318","146,4538276","88,8889","1,192602919","99,9591217","99,69112008","99,98361206",..,"46,25223209","31,18441689","76,93199921","44,25799942","0,089196788","8,478811845","11,14123596",1495678271,..,63719805,"0,21074882",5885,"1,057181578","37,03550022",14792181,18856316,"43,25798764","328,60276","91,627",39940546,..,43590368,"1,057181578","5,57531E+11","-2,080327844","341,1366237","14,69447819","4,669025524","59,9","77,82859802","33,48450089","54,30530167",19151572,"22,71297845",ARG,Argentina
2017,..,..,"18,75723171","9,237250108","140,8771235","85,55556667","1,170195959",100,100,"99,98709106",..,"51,08396306","31,12665346","77,5039978","44,69800186","0,114584361","8,685844771","12,58305721",1951161322,..,61897379,"0,219978653",6209,"1,037133897","36,81972738",14879100,18995646,"43,1279998","337,30006","91,749",40410674,..,44044811,"1,037133897","6,42696E+11","2,668590379","353,2440498","15,16805073","-6,223530585","64,7","78,34609985","33,68529892","52,65420151",19207364,"22,85276589",ARG,Argentina
2017,..,..,"18,75723171","9,237250108","140,8771235","85,55556667","1,170195959",100,100,"99,98709106",..,"51,08396306","31,12665346","75,29399872","44,69800186","0,114584361","8,685844771","12,58305721",1951161322,..,61897379,"0,219978653",6209,"1,037133897","36,81972738",14879100,18995646,"43,1279998","337,30006","91,749",40410674,..,44044811,"1,037133897","6,42696E+11","2,668590379","353,2440498","15,16805073","-6,223530585","64,7","78,34609985","33,68529892","52,65420151",19207364,"22,85276589",ARG,Argentina
2018,..,..,"20,96583763","5,334288406","132,0931513","81,1111","1,147602159",100,100,100,..,"48,36787796","31,77412126","75,73000336","45,46699905",..,..,..,..,..,58598041,"0,198629934",5667,"1,015808349","36,61348375",14966530,19136241,"43,00810244",..,"91,87",40877099,..,44494502,"1,015808349","5,19872E+11","-2,481792445","377,9388743","15,79039594","4,556709021","68,04306411",..,..,..,19486951,"23,20046875",ARG,Argentina
2018,..,..,"20,96583763","5,334288406","132,0931513","81,1111","1,147602159",100,100,100,..,"48,36787796","31,77412126","77,9940033","45,46699905",..,..,..,..,..,58598041,"0,198629934",5667,"1,015808349","36,61348375",14966530,19136241,"43,00810244",..,"91,87",40877099,..,44494502,"1,015808349","5,19872E+11","-2,481792445","377,9388743","15,79039594","4,556709021","68,04306411",..,..,..,19486951,"23,20046875",ARG,Argentina
2019,..,..,"18,16636754","5,123762199",..,80,"1,125019726",..,..,..,..,"47,80990421","35,9803272","78,49700165","45,18099976",..,..,..,..,..,..,..,..,"0,993397493","36,42338959",15057273,19280518,"42,90402894",..,"91,991",41339571,..,44938712,"0,993397493","4,49663E+11","-2,162952121","393,1963116","16,49367591","-3,530112235","70,96898082",..,..,..,19704082,"22,66639117",ARG,Argentina
2019,..,..,"18,16636754","5,123762199",..,80,"1,125019726",..,..,..,..,"47,80990421","35,9803272","75,8219986","45,18099976",..,..,..,..,..,..,..,..,"0,993397493","36,42338959",15057273,19280518,"42,90402894",..,"91,991",41339571,..,44938712,"0,993397493","4,49663E+11","-2,162952121","393,1963116","16,49367591","-3,530112235","70,96898082",..,..,..,19704082,"22,66639117",ARG,Argentina
